"","Cluster.Error","Subclass.Error","Neighborhood_Error","Class_Error","Weighted_Error"
"1",0.0972592359866196,0.0242990999648857,0.0044650612652239,0,1.36344269279932
