"","Cluster.Error","Subclass.Error","Neighborhood_Error","Class_Error","Weighted_Error"
"1",0.217725909467555,0.0459665178080384,0.00747592963313314,0,16.3187047294418
