"","Cluster.Error","Subclass.Error","Neighborhood_Error","Class_Error","Weighted_Error"
"1",0.190152752425785,0.0549284273225094,0.0111249879911615,0,114.486578610989
