"","Cluster.Error","Subclass.Error","Neighborhood_Error","Class_Error","Weighted_Error"
"1",0.101099632223844,0.0251640207728844,0.00469792455968508,0,1.32083510864934
