"","Cluster.Error","Subclass.Error","Neighborhood_Error","Class_Error","Weighted_Error"
"1",0.209689010126786,0.0440342888150707,0.00728527326191052,0,14.4865786109927
