"","Cluster.Error","Subclass.Error","Neighborhood_Error","Class_Error","Weighted_Error"
"1",0.088628509120479,0.0226505756898113,0.0043319965255318,0,1.27822752449936
