"","Cluster.Error","Subclass.Error","Neighborhood_Error","Class_Error","Weighted_Error"
"1",0.209727159189163,0.0616149486021712,0.0133826496301278,0,120.792501065186
