"","Cluster.Error","Subclass.Error","Neighborhood_Error","Class_Error","Weighted_Error"
"1",0.274278317335238,0.0603093986744099,0.00855903968989397,0,22.9228802726887
