"","Cluster.Error","Subclass.Error","Neighborhood_Error","Class_Error"
"1",0.211104116119996,0.0429861852855253,0.00848123023816766,0
