"","Cluster.Error","Subclass.Error","Neighborhood_Error","Class_Error","Weighted_Error"
"1",0.34460391452278,0.0837158964709877,0.0121099801232219,0,22.9228802726887
