"","Cluster.Error","Subclass.Error","Neighborhood_Error","Class_Error","Weighted_Error"
"1",0.226480312593928,0.0417042380522994,0.00313094880272518,0,129.654878568381
