"","Cluster.Error","Subclass.Error","Neighborhood_Error","Class_Error","Weighted_Error"
"1",0.274271243748718,0.0600264552135869,0.00836805285383848,0,19.0881976991905
