"","Cluster.Error","Subclass.Error","Neighborhood_Error","Class_Error","Weighted_Error"
"1",0.274738100459076,0.060274030741807,0.00839634719992078,0,19.2160204516404
