"","Cluster.Error","Subclass.Error","Neighborhood_Error","Class_Error","Weighted_Error"
"1",0.205254260067482,0.0424981078156057,0.00696748272276492,0,1534.29910524015
