"","Cluster.Error","Subclass.Error","Neighborhood_Error","Class_Error","Weighted_Error"
"1",0.274929087295131,0.0603659873665745,0.00837512644035905,0,19.0881976991905
