"","Cluster.Error","Subclass.Error","Neighborhood_Error","Class_Error","Weighted_Error"
"1",0.211316323715614,0.043007406045087,0.00847415665164709,0,17.1708564124414
