"","Cluster.Error","Subclass.Error","Neighborhood_Error","Class_Error","Weighted_Error"
"1",0.21115363122564,0.0429861852855253,0.00847415665164709,0,16.0630592245419
