"","Cluster.Error","Subclass.Error","Neighborhood_Error","Class_Error","Weighted_Error"
"1",0.211082895360435,0.0429720381124842,0.00846000947860594,0,15.4665530464422
