"","Cluster.Error","Subclass.Error","Neighborhood_False","Class_True"
"1",0.180853107887405,0.0535594197329234,0.0128302430588913,0
