"","Cluster.Error","Subclass.Error","Neighborhood_Error","Class_Error","Weighted_Error"
"1",0.179354404841964,0.0519694495148429,0.0105101354596983,0,2145.07882402936
