"","Cluster.Error","Subclass.Error","Neighborhood_Error","Class_Error","Weighted_Error"
"1",0.209607070804112,0.0614756460755116,0.0133586319531175,0,121.559437579885
