"","Cluster.Error","Subclass.Error","Neighborhood_Error","Class_Error","Weighted_Error"
"1",0.209477375348256,0.0616245556729753,0.0134498991257566,0,121.175969322536
