"","Cluster.Error","Subclass.Error","Neighborhood_Error","Class_Error","Weighted_Error"
"1",0.209674320299741,0.061600537995965,0.0134835238735709,0,121.048146570086
