"","Cluster.Error","Subclass.Error","Neighborhood_Error","Class_Error","Weighted_Error"
"1",0.181088481122106,0.0537179364011913,0.0128446536650975,0,103.408606731995
