"","Cluster.Error","Subclass.Error","Neighborhood_Error","Class_Error","Weighted_Error"
"1",0.180680180612931,0.053520991449707,0.0128110289172831,0,102.982530890496
