"","Cluster.Error","Subclass.Error","Neighborhood_Error","Class_Error","Weighted_Error"
"1",0.183802478624267,0.0536314727639543,0.0125852627533865,0,110.012782275242
