"","Cluster.Error","Subclass.Error","Neighborhood_Error","Class_Error"
"1",0.0840045094161785,0.0213051433218134,0.00412870317322442,0
