"","Cluster.Error","Subclass.Error","Neighborhood_Error","Class_Error","Weighted_Error"
"1",0.0886691677909405,0.0226542719325805,0.00437265519599327,0,1.36344269279932
