"","Cluster.Error","Subclass.Error","Neighborhood_Error","Class_Error","Weighted_Error"
"1",0.0887246114324789,0.0225766508344268,0.0043615664676856,0,1.36344269279932
