"","Cluster.Error","Subclass.Error","Neighborhood_Error","Class_Error","Weighted_Error"
"1",0.104585189155224,0.0264503132565747,0.00511929623537674,0,1569.49296974796
