"","Cluster.Error","Subclass.Error","Neighborhood_Error","Class_Error","Weighted_Error"
"1",0.0885878504500176,0.0225396884067346,0.00433569276830102,0,1.36344269279932
