"","Cluster.Error","Subclass.Error","Neighborhood_Error","Class_Error","Weighted_Error"
"1",0.115633258792437,0.0274704762608808,0.00524127224676117,0,1.36344269279932
