"","Cluster.Error","Subclass.Error","Neighborhood_Error","Class_Error","Weighted_Error"
"1",0.116804967750282,0.0278437967805725,0.00540021068583785,0,1.7895185342991
