"","Cluster.Error","Subclass.Error","Neighborhood_Error","Class_Error","Weighted_Error"
"1",0.123339924966272,0.0291374817498013,0.0055702378532222,0,2.30080954409885
