"","Cluster.Error","Subclass.Error","Neighborhood_Error","Class_Error","Weighted_Error"
"1",0.209400544959128,0.0628115854273892,0.0140831567262085,0,121.048146570086
