"","Cluster.Error","Subclass.Error","Neighborhood_Error","Class_Error","Weighted_Error"
"1",0.08912088122973,0.0228213936172254,0.00453280623308833,0,1.36344269279932
