"","Cluster.Error","Subclass.Error","Neighborhood_Error","Class_Error","Weighted_Error"
"1",0.0890134141894874,0.0227062503598227,0.00449442514728742,0,1.36344269279932
