"","Cluster.Error","Subclass.Error","Neighborhood_Error","Class_Error","Weighted_Error"
"1",0.247224722472247,0.0388538853885389,0.0006000600060006,0,123.008095440985
