"","Cluster.Error","Subclass.Error","Neighborhood_Error","Class_Error","Weighted_Error"
"1",0.189655868402462,0.0556766575840145,0.0116762539105863,0,114.486578610989
