"","Cluster.Error","Subclass.Error","Neighborhood_Error","Class_Error","Weighted_Error"
"1",0.214461334693349,0.0456874043738725,0.00762725411239924,0,14.4865786109927
