"","Cluster.Error","Subclass.Error","Neighborhood_Error","Class_Error","Weighted_Error"
"1",0.272160522489743,0.0605689231261085,0.00892129922128933,0,19.0881976991905
