"","Cluster.Error","Subclass.Error","Neighborhood_Error","Class_Error","Weighted_Error"
"1",0.207022363394428,0.043417607417264,0.00698230101157517,0,97.9122283766484
